Муниципальное образование,Масштаб трат,Базовый чек (руб),Prophet MAE (руб),CatBoost MAE (руб),Превосходство (%)
Октябрьский муниципальный район,Сверхкрупный (>75%),177258,79828,18059,77.4
Абазинский муниципальный район,Средний (25-50%),21265,11748,1542,86.9
Абанский муниципальный район,Малый (<25%),20398,4686,1317,71.9
Абатский муниципальный район,Средний (25-50%),22930,12874,1644,87.2
Абзелиловский муниципальный район,Малый (<25%),17371,20155,876,95.7
Абыйский муниципальный район,Сверхкрупный (>75%),42597,7615,3377,55.7
Агаповский муниципальный район,Малый (<25%),17943,326826,2460,99.2
Агинский муниципальный район,Средний (25-50%),23491,20463,2760,86.5
Агрызский муниципальный район,Малый (<25%),19283,89953,1885,97.9
Адамовский муниципальный район,Малый (<25%),18087,10652,1369,87.2
Адыге-Хабльский муниципальный район,Малый (<25%),17285,7426,2050,72.4
Азнакаевский муниципальный район,Средний (25-50%),22023,7584,993,86.9
