"date";"category";"value"
"2026-08-01";"Всего";8625.05
"2026-08-01";"Непродовольственные товары";3376.62
"2026-08-01";"Общественное питание";529.71
"2026-08-01";"Продовольственные товары";2816.95
"2026-08-01";"Услуги";1901.77
"2026-07-01";"Всего";8384.09
"2026-07-01";"Непродовольственные товары";3212.84
"2026-07-01";"Общественное питание";502.87
"2026-07-01";"Продовольственные товары";2824.59
"2026-07-01";"Услуги";1843.8
"2026-06-01";"Всего";8123.64
"2026-06-01";"Непродовольственные товары";3069.71
"2026-06-01";"Общественное питание";502.8
"2026-06-01";"Продовольственные товары";2703.43
"2026-06-01";"Услуги";1847.7
"2026-05-01";"Всего";8050.49
"2026-05-01";"Непродовольственные товары";2992.86
"2026-05-01";"Общественное питание";520.61
"2026-05-01";"Продовольственные товары";2707.94
"2026-05-01";"Услуги";1829.07
"2026-04-01";"Всего";7848.24
"2026-04-01";"Непродовольственные товары";2866.49
"2026-04-01";"Общественное питание";510.4
"2026-04-01";"Продовольственные товары";2609.74
"2026-04-01";"Услуги";1861.61
"2026-03-01";"Всего";7942.05
"2026-03-01";"Непродовольственные товары";2953.8
"2026-03-01";"Общественное питание";498.35
"2026-03-01";"Продовольственные товары";2637.6
"2026-03-01";"Услуги";1852.3
"2026-02-01";"Всего";7082.19
"2026-02-01";"Непродовольственные товары";2521.6
"2026-02-01";"Общественное питание";454.18
"2026-02-01";"Продовольственные товары";2322.8
"2026-02-01";"Услуги";1783.61
"2026-01-01";"Всего";7112.24
"2026-01-01";"Непродовольственные товары";2543
"2026-01-01";"Общественное питание";461.05
"2026-01-01";"Продовольственные товары";2369.1
"2026-01-01";"Услуги";1739.09
"2025-12-01";"Всего";8596.67
"2025-12-01";"Непродовольственные товары";3271.22
"2025-12-01";"Общественное питание";488.56
"2025-12-01";"Продовольственные товары";3004.2
"2025-12-01";"Услуги";1832.69
"2025-11-01";"Всего";7394.23
"2025-11-01";"Непродовольственные товары";2803.17
"2025-11-01";"Общественное питание";440.39
"2025-11-01";"Продовольственные товары";2437.83
"2025-11-01";"Услуги";1712.85
"2025-10-01";"Всего";7664.67
"2025-10-01";"Непродовольственные товары";2980.33
"2025-10-01";"Общественное питание";472.28
"2025-10-01";"Продовольственные товары";2497.41
"2025-10-01";"Услуги";1714.65
"2025-09-01";"Всего";7436.81
"2025-09-01";"Непродовольственные товары";2846.68
"2025-09-01";"Общественное питание";466.02
"2025-09-01";"Продовольственные товары";2417.2
"2025-09-01";"Услуги";1706.91
"2025-08-01";"Всего";7665.84
"2025-08-01";"Непродовольственные товары";2938.85
"2025-08-01";"Общественное питание";458.06
"2025-08-01";"Продовольственные товары";2555.95
"2025-08-01";"Услуги";1712.97
"2025-07-01";"Всего";7481.62
"2025-07-01";"Непродовольственные товары";2791.6
"2025-07-01";"Общественное питание";438.76
"2025-07-01";"Продовольственные товары";2585.83
"2025-07-01";"Услуги";1665.44
"2025-06-01";"Всего";7184.09
"2025-06-01";"Непродовольственные товары";2632.21
"2025-06-01";"Общественное питание";430.81
"2025-06-01";"Продовольственные товары";2474.16
"2025-06-01";"Услуги";1646.91
"2025-05-01";"Всего";7131.57
"2025-05-01";"Непродовольственные товары";2563.49
"2025-05-01";"Общественное питание";448.69
"2025-05-01";"Продовольственные товары";2497.48
"2025-05-01";"Услуги";1621.92
"2025-04-01";"Всего";6979.66
"2025-04-01";"Непродовольственные товары";2509.81
"2025-04-01";"Общественное питание";436.05
"2025-04-01";"Продовольственные товары";2401.95
"2025-04-01";"Услуги";1631.85
"2025-03-01";"Всего";7047.41
"2025-03-01";"Непродовольственные товары";2598.56
"2025-03-01";"Общественное питание";418.49
"2025-03-01";"Продовольственные товары";2419.23
"2025-03-01";"Услуги";1611.13
"2025-02-01";"Всего";6467.93
"2025-02-01";"Непродовольственные товары";2348.2
"2025-02-01";"Общественное питание";381.12
"2025-02-01";"Продовольственные товары";2174.38
"2025-02-01";"Услуги";1564.23
"2025-01-01";"Всего";6491.3
"2025-01-01";"Непродовольственные товары";2391.62
"2025-01-01";"Общественное питание";390.85
"2025-01-01";"Продовольственные товары";2178.64
"2025-01-01";"Услуги";1530.19
"2024-12-01";"Всего";7602.34
"2024-12-01";"Непродовольственные товары";2891.12
"2024-12-01";"Общественное питание";345.65
"2024-12-01";"Продовольственные товары";2760.46
"2024-12-01";"Услуги";1605.11
"2024-11-01";"Всего";6606.26
"2024-11-01";"Непродовольственные товары";2518.37
"2024-11-01";"Общественное питание";311.48
"2024-11-01";"Продовольственные товары";2271.31
"2024-11-01";"Услуги";1505.1
"2024-10-01";"Всего";6625.54
"2024-10-01";"Непродовольственные товары";2568.95
"2024-10-01";"Общественное питание";319.03
"2024-10-01";"Продовольственные товары";2241.6
"2024-10-01";"Услуги";1495.97
"2024-09-01";"Всего";6578.21
"2024-09-01";"Непродовольственные товары";2588.67
"2024-09-01";"Общественное питание";313.02
"2024-09-01";"Продовольственные товары";2189.28
"2024-09-01";"Услуги";1487.24
"2024-08-01";"Всего";6702.73
"2024-08-01";"Непродовольственные товары";2622.9
"2024-08-01";"Общественное питание";307.4
"2024-08-01";"Продовольственные товары";2264.97
"2024-08-01";"Услуги";1507.46
"2024-07-01";"Всего";6522.62
"2024-07-01";"Непродовольственные товары";2519.09
"2024-07-01";"Общественное питание";294.91
"2024-07-01";"Продовольственные товары";2241.26
"2024-07-01";"Услуги";1467.36
"2024-06-01";"Всего";6284.08
"2024-06-01";"Непродовольственные товары";2395.95
"2024-06-01";"Общественное питание";287.66
"2024-06-01";"Продовольственные товары";2175.37
"2024-06-01";"Услуги";1425.11
"2024-05-01";"Всего";6198.27
"2024-05-01";"Непродовольственные товары";2340.98
"2024-05-01";"Общественное питание";282.57
"2024-05-01";"Продовольственные товары";2166.44
"2024-05-01";"Услуги";1408.28
"2024-04-01";"Всего";6066.07
"2024-04-01";"Непродовольственные товары";2300.62
"2024-04-01";"Общественное питание";279.4
"2024-04-01";"Продовольственные товары";2090.63
"2024-04-01";"Услуги";1395.42
"2024-03-01";"Всего";6152.03
"2024-03-01";"Непродовольственные товары";2371.53
"2024-03-01";"Общественное питание";273.77
"2024-03-01";"Продовольственные товары";2114.05
"2024-03-01";"Услуги";1392.68
"2024-02-01";"Всего";5752.28
"2024-02-01";"Непродовольственные товары";2152.72
"2024-02-01";"Общественное питание";261.36
"2024-02-01";"Продовольственные товары";1971.02
"2024-02-01";"Услуги";1367.18
"2024-01-01";"Всего";5616.17
"2024-01-01";"Непродовольственные товары";2110.47
"2024-01-01";"Общественное питание";255.91
"2024-01-01";"Продовольственные товары";1923.67
"2024-01-01";"Услуги";1326.12
"2023-12-01";"Всего";6638.82
"2023-12-01";"Непродовольственные товары";2535.52
"2023-12-01";"Общественное питание";279.1
"2023-12-01";"Продовольственные товары";2438.09
"2023-12-01";"Услуги";1386.11
"2023-11-01";"Всего";5767.82
"2023-11-01";"Непродовольственные товары";2211.92
"2023-11-01";"Общественное питание";253.98
"2023-11-01";"Продовольственные товары";1996.77
"2023-11-01";"Услуги";1305.15
"2023-10-01";"Всего";5842.15
"2023-10-01";"Непродовольственные товары";2304.53
"2023-10-01";"Общественное питание";261.75
"2023-10-01";"Продовольственные товары";1981.7
"2023-10-01";"Услуги";1294.16
"2023-09-01";"Всего";5733.11
"2023-09-01";"Непродовольственные товары";2254.86
"2023-09-01";"Общественное питание";256.35
"2023-09-01";"Продовольственные товары";1933.93
"2023-09-01";"Услуги";1287.97
"2023-08-01";"Всего";5835.06
"2023-08-01";"Непродовольственные товары";2323.19
"2023-08-01";"Общественное питание";238.88
"2023-08-01";"Продовольственные товары";1973.96
"2023-08-01";"Услуги";1299.03
"2023-07-01";"Всего";5605.86
"2023-07-01";"Непродовольственные товары";2180.68
"2023-07-01";"Общественное питание";232.95
"2023-07-01";"Продовольственные товары";1938.32
"2023-07-01";"Услуги";1253.91
"2023-06-01";"Всего";5411.13
"2023-06-01";"Непродовольственные товары";2046.96
"2023-06-01";"Общественное питание";230.88
"2023-06-01";"Продовольственные товары";1889.19
"2023-06-01";"Услуги";1244.1
"2023-05-01";"Всего";5297.55
"2023-05-01";"Непродовольственные товары";1969.64
"2023-05-01";"Общественное питание";233.54
"2023-05-01";"Продовольственные товары";1867.6
"2023-05-01";"Услуги";1226.77
"2023-04-01";"Всего";5182.54
"2023-04-01";"Непродовольственные товары";1909.77
"2023-04-01";"Общественное питание";227.72
"2023-04-01";"Продовольственные товары";1823.01
"2023-04-01";"Услуги";1222.04
"2023-03-01";"Всего";5196.11
"2023-03-01";"Непродовольственные товары";1901.17
"2023-03-01";"Общественное питание";227.53
"2023-03-01";"Продовольственные товары";1825.43
"2023-03-01";"Услуги";1241.97
"2023-02-01";"Всего";4804.18
"2023-02-01";"Непродовольственные товары";1727.5
"2023-02-01";"Общественное питание";208.02
"2023-02-01";"Продовольственные товары";1678.36
"2023-02-01";"Услуги";1190.3
"2023-01-01";"Всего";4828.14
"2023-01-01";"Непродовольственные товары";1764.09
"2023-01-01";"Общественное питание";217.67
"2023-01-01";"Продовольственные товары";1679.52
"2023-01-01";"Услуги";1166.86
"2022-12-01";"Всего";5637.08
"2022-12-01";"Непродовольственные товары";2070.19
"2022-12-01";"Общественное питание";230.75
"2022-12-01";"Продовольственные товары";2134.88
"2022-12-01";"Услуги";1201.25
"2022-11-01";"Всего";4904.3
"2022-11-01";"Непродовольственные товары";1806.31
"2022-11-01";"Общественное питание";215.79
"2022-11-01";"Продовольственные товары";1770.89
"2022-11-01";"Услуги";1111.32
"2022-10-01";"Всего";4878.46
"2022-10-01";"Непродовольственные товары";1789.38
"2022-10-01";"Общественное питание";221.2
"2022-10-01";"Продовольственные товары";1772.08
"2022-10-01";"Услуги";1095.8
"2022-09-01";"Всего";4824.98
"2022-09-01";"Непродовольственные товары";1773.71
"2022-09-01";"Общественное питание";221.98
"2022-09-01";"Продовольственные товары";1727.47
"2022-09-01";"Услуги";1101.82
"2022-08-01";"Всего";4926.38
"2022-08-01";"Непродовольственные товары";1847.69
"2022-08-01";"Общественное питание";203.73
"2022-08-01";"Продовольственные товары";1763.78
"2022-08-01";"Услуги";1111.17
"2022-07-01";"Всего";4783.56
"2022-07-01";"Непродовольственные товары";1751.4
"2022-07-01";"Общественное питание";191.54
"2022-07-01";"Продовольственные товары";1772.86
"2022-07-01";"Услуги";1067.75
"2022-06-01";"Всего";4678.49
"2022-06-01";"Непродовольственные товары";1700.35
"2022-06-01";"Общественное питание";185.85
"2022-06-01";"Продовольственные товары";1739.64
"2022-06-01";"Услуги";1052.65
"2022-05-01";"Всего";4639.64
"2022-05-01";"Непродовольственные товары";1676.05
"2022-05-01";"Общественное питание";182.83
"2022-05-01";"Продовольственные товары";1750.28
"2022-05-01";"Услуги";1030.48
"2022-04-01";"Всего";4615.77
"2022-04-01";"Непродовольственные товары";1666.47
"2022-04-01";"Общественное питание";180.93
"2022-04-01";"Продовольственные товары";1722.64
"2022-04-01";"Услуги";1045.73
"2022-03-01";"Всего";5016.01
"2022-03-01";"Непродовольственные товары";1981.92
"2022-03-01";"Общественное питание";177.81
"2022-03-01";"Продовольственные товары";1792.66
"2022-03-01";"Услуги";1063.62
"2022-02-01";"Всего";4488.84
"2022-02-01";"Непродовольственные товары";1751.5
"2022-02-01";"Общественное питание";167.57
"2022-02-01";"Продовольственные товары";1548.53
"2022-02-01";"Услуги";1021.25
"2022-01-01";"Всего";4452.34
"2022-01-01";"Непродовольственные товары";1728.24
"2022-01-01";"Общественное питание";170.16
"2022-01-01";"Продовольственные товары";1538.06
"2022-01-01";"Услуги";1015.87
"2021-12-01";"Всего";5421.43
"2021-12-01";"Непродовольственные товары";2190.8
"2021-12-01";"Общественное питание";188.36
"2021-12-01";"Продовольственные товары";1985.03
"2021-12-01";"Услуги";1057.25
"2021-11-01";"Всего";4585.24
"2021-11-01";"Непродовольственные товары";1806
"2021-11-01";"Общественное питание";164.97
"2021-11-01";"Продовольственные товары";1626.76
"2021-11-01";"Услуги";987.5
"2021-10-01";"Всего";4648.63
"2021-10-01";"Непродовольственные товары";1847.68
"2021-10-01";"Общественное питание";177.26
"2021-10-01";"Продовольственные товары";1635.87
"2021-10-01";"Услуги";987.81
"2021-09-01";"Всего";4586.14
"2021-09-01";"Непродовольственные товары";1849.6
"2021-09-01";"Общественное питание";182.17
"2021-09-01";"Продовольственные товары";1564.02
"2021-09-01";"Услуги";990.35
"2021-08-01";"Всего";4584.2
"2021-08-01";"Непродовольственные товары";1877.28
"2021-08-01";"Общественное питание";169.85
"2021-08-01";"Продовольственные товары";1559.88
"2021-08-01";"Услуги";977.19
"2021-07-01";"Всего";4409.06
"2021-07-01";"Непродовольственные товары";1765.41
"2021-07-01";"Общественное питание";159.61
"2021-07-01";"Продовольственные товары";1544.89
"2021-07-01";"Услуги";939.15
"2021-06-01";"Всего";4305.71
"2021-06-01";"Непродовольственные товары";1701.21
"2021-06-01";"Общественное питание";156.36
"2021-06-01";"Продовольственные товары";1505.49
"2021-06-01";"Услуги";942.66
"2021-05-01";"Всего";4250.64
"2021-05-01";"Непродовольственные товары";1678.83
"2021-05-01";"Общественное питание";157.75
"2021-05-01";"Продовольственные товары";1490.73
"2021-05-01";"Услуги";923.33
"2021-04-01";"Всего";4213.02
"2021-04-01";"Непродовольственные товары";1653.34
"2021-04-01";"Общественное питание";154.85
"2021-04-01";"Продовольственные товары";1464.95
"2021-04-01";"Услуги";939.88
"2021-03-01";"Всего";4159.85
"2021-03-01";"Непродовольственные товары";1622.26
"2021-03-01";"Общественное питание";148.62
"2021-03-01";"Продовольственные товары";1462.49
"2021-03-01";"Услуги";926.47
"2021-02-01";"Всего";3796.68
"2021-02-01";"Непродовольственные товары";1448.63
"2021-02-01";"Общественное питание";135.67
"2021-02-01";"Продовольственные товары";1348.55
"2021-02-01";"Услуги";863.83
"2021-01-01";"Всего";3813.76
"2021-01-01";"Непродовольственные товары";1476.75
"2021-01-01";"Общественное питание";135.95
"2021-01-01";"Продовольственные товары";1365.56
"2021-01-01";"Услуги";835.5
"2020-12-01";"Всего";4646.23
"2020-12-01";"Непродовольственные товары";1854.81
"2020-12-01";"Общественное питание";147.28
"2020-12-01";"Продовольственные товары";1746.85
"2020-12-01";"Услуги";897.3
"2020-11-01";"Всего";3976.77
"2020-11-01";"Непродовольственные товары";1588.01
"2020-11-01";"Общественное питание";135.69
"2020-11-01";"Продовольственные товары";1433.11
"2020-11-01";"Услуги";819.95
"2020-10-01";"Всего";4010.42
"2020-10-01";"Непродовольственные товары";1606.02
"2020-10-01";"Общественное питание";145.22
"2020-10-01";"Продовольственные товары";1432.68
"2020-10-01";"Услуги";826.51
"2020-09-01";"Всего";3935.07
"2020-09-01";"Непродовольственные товары";1574.09
"2020-09-01";"Общественное питание";146.7
"2020-09-01";"Продовольственные товары";1379.12
"2020-09-01";"Услуги";835.16
"2020-08-01";"Всего";3941.49
"2020-08-01";"Непродовольственные товары";1609
"2020-08-01";"Общественное питание";131.67
"2020-08-01";"Продовольственные товары";1392.32
"2020-08-01";"Услуги";808.5
"2020-07-01";"Всего";3752.63
"2020-07-01";"Непродовольственные товары";1511.63
"2020-07-01";"Общественное питание";112.14
"2020-07-01";"Продовольственные товары";1394.38
"2020-07-01";"Услуги";734.48
"2020-06-01";"Всего";3389.56
"2020-06-01";"Непродовольственные товары";1340.05
"2020-06-01";"Общественное питание";82.32
"2020-06-01";"Продовольственные товары";1331.57
"2020-06-01";"Услуги";635.62
"2020-05-01";"Всего";2927.02
"2020-05-01";"Непродовольственные товары";1041.55
"2020-05-01";"Общественное питание";66.99
"2020-05-01";"Продовольственные товары";1265.47
"2020-05-01";"Услуги";553
"2020-04-01";"Всего";2774.97
"2020-04-01";"Непродовольственные товары";914.98
"2020-04-01";"Общественное питание";66.15
"2020-04-01";"Продовольственные товары";1229.44
"2020-04-01";"Услуги";564.41
"2020-03-01";"Всего";3937.55
"2020-03-01";"Непродовольственные товары";1522.43
"2020-03-01";"Общественное питание";132.99
"2020-03-01";"Продовольственные товары";1430.71
"2020-03-01";"Услуги";851.42
"2020-02-01";"Всего";3652.72
"2020-02-01";"Непродовольственные товары";1356.53
"2020-02-01";"Общественное питание";138.34
"2020-02-01";"Продовольственные товары";1276.4
"2020-02-01";"Услуги";881.44
"2020-01-01";"Всего";3670.85
"2020-01-01";"Непродовольственные товары";1367.38
"2020-01-01";"Общественное питание";141.93
"2020-01-01";"Продовольственные товары";1275.12
"2020-01-01";"Услуги";886.42
"2019-12-01";"Всего";4608.66
"2019-12-01";"Непродовольственные товары";1800
"2019-12-01";"Общественное питание";184.06
"2019-12-01";"Продовольственные товары";1672.93
"2019-12-01";"Услуги";951.67
"2019-11-01";"Всего";3989.87
"2019-11-01";"Непродовольственные товары";1542.42
"2019-11-01";"Общественное питание";160.26
"2019-11-01";"Продовольственные товары";1390.12
"2019-11-01";"Услуги";897.06
"2019-10-01";"Всего";3962.59
"2019-10-01";"Непродовольственные товары";1530.86
"2019-10-01";"Общественное питание";165.49
"2019-10-01";"Продовольственные товары";1373.71
"2019-10-01";"Услуги";892.54
"2019-09-01";"Всего";3909.61
"2019-09-01";"Непродовольственные товары";1514.31
"2019-09-01";"Общественное питание";166.99
"2019-09-01";"Продовольственные товары";1341.89
"2019-09-01";"Услуги";886.42
"2019-08-01";"Всего";3954.66
"2019-08-01";"Непродовольственные товары";1540.48
"2019-08-01";"Общественное питание";156.92
"2019-08-01";"Продовольственные товары";1356.97
"2019-08-01";"Услуги";900.29
"2019-07-01";"Всего";3850.89
"2019-07-01";"Непродовольственные товары";1468.44
"2019-07-01";"Общественное питание";151.51
"2019-07-01";"Продовольственные товары";1338.59
"2019-07-01";"Услуги";892.35
"2019-06-01";"Всего";3764.54
"2019-06-01";"Непродовольственные товары";1424.2
"2019-06-01";"Общественное питание";149.29
"2019-06-01";"Продовольственные товары";1316.86
"2019-06-01";"Услуги";874.2
"2019-05-01";"Всего";3708.02
"2019-05-01";"Непродовольственные товары";1383.87
"2019-05-01";"Общественное питание";145.4
"2019-05-01";"Продовольственные товары";1319.29
"2019-05-01";"Услуги";859.46
"2019-04-01";"Всего";3664.45
"2019-04-01";"Непродовольственные товары";1368.53
"2019-04-01";"Общественное питание";141.66
"2019-04-01";"Продовольственные товары";1288.4
"2019-04-01";"Услуги";865.86
"2019-03-01";"Всего";3689.41
"2019-03-01";"Непродовольственные товары";1379.37
"2019-03-01";"Общественное питание";138.54
"2019-03-01";"Продовольственные товары";1311.02
"2019-03-01";"Услуги";860.49
"2019-02-01";"Всего";3411.93
"2019-02-01";"Непродовольственные товары";1259.41
"2019-02-01";"Общественное питание";130.14
"2019-02-01";"Продовольственные товары";1195.18
"2019-02-01";"Услуги";827.21
"2019-01-01";"Всего";3470.37
"2019-01-01";"Непродовольственные товары";1291.65
"2019-01-01";"Общественное питание";134.81
"2019-01-01";"Продовольственные товары";1215.82
"2019-01-01";"Услуги";828.09
"2018-12-01";"Всего";4372.54
"2018-12-01";"Непродовольственные товары";1719.39
"2018-12-01";"Общественное питание";169.78
"2018-12-01";"Продовольственные товары";1592.16
"2018-12-01";"Услуги";891.21