date,headline,source,category
2023-01-10,"В России введено единое пособие для семей с детьми, увеличившее объем социальных выплат в регионах",tass.ru,income_gdp_labor
2023-01-20,Росстат зафиксировал умеренные темпы потребительской инфляции в начале года при стабильном потребительском спросе,rosstat.gov.ru,inflation_prices
2023-02-10,Банк России сохранил ключевую ставку 7.50% и отметил нарастание проинфляционных рисков на рынке труда,cbr.ru,monetary_cbr
2023-02-25,"ЕС ввел десятый пакет санкций против российских банков, ограничив импорт промышленных товаров",interfax.ru,sanctions_trade
2023-03-17,Совет директоров Банка России сохранил ключевую ставку на уровне 7.50% годовых,cbr.ru,monetary_cbr
2023-03-24,Росстат сообщил о резком замедлении годовой инфляции до 3.5% из-за эффекта высокой базы прошлого года,rosstat.gov.ru,inflation_prices
2023-04-14,"Безработица в России обновила исторический минимум, дефицит кадров спровоцировал опережающий рост зарплат",kommersant.ru,income_gdp_labor
2023-04-28,Банк России сохранил ставку 7.50% и ужесточил сигнал из-за расширения дефицита бюджета и роста спроса,cbr.ru,monetary_cbr
2023-05-15,Минэкономразвития повысило прогноз роста ВВП России на 2023 год на фоне активного оживления потребителей,rbc.ru,income_gdp_labor
2023-05-25,Оборот розничной торговли в регионах показал уверенный восстановительный рост,rosstat.gov.ru,inflation_prices
2023-06-09,"ЦБ оставил ставку 7.50%, предупредив о вероятном повышении в ответ на ослабление курса рубля",cbr.ru,monetary_cbr
2023-06-23,"ЕС утвердил одиннадцатый пакет санкций, направленный на перекрытие каналов параллельного импорта",interfax.ru,sanctions_trade
2023-07-12,"Курс доллара превысил 90 рублей, вызвав волну пересмотра цен на бытовую технику и автокомпоненты",kommersant.ru,inflation_prices
2023-07-21,Банк России начал цикл ужесточения ДКП и повысил ключевую ставку сразу на 100 б.п. до 8.50% годовых,cbr.ru,monetary_cbr
2023-08-14,Доллар на Мосбирже поднялся выше 100 рублей на фоне превышения спроса на импорт над экспортом,rbc.ru,inflation_prices
2023-08-15,Внеочередное заседание: Банк России экстренно повысил ключевую ставку на 350 б.п. до 12.00% годовых,cbr.ru,monetary_cbr
2023-09-15,Банк России повысил ключевую ставку до 13.00% годовых и существенно пересмотрел прогноз по инфляции,cbr.ru,monetary_cbr
2023-09-21,Правительство ввело временный запрет на экспорт бензина и дизеля для стабилизации внутренних цен на топливо,tass.ru,inflation_prices
2023-10-18,Реальные располагаемые доходы населения за 9 месяцев выросли на 4.4% благодаря выплатам и занятости,rosstat.gov.ru,income_gdp_labor
2023-10-27,Банк России повысил ключевую ставку сразу на 200 б.п. до 15.00% годовых из-за перегрева спроса,cbr.ru,monetary_cbr
2023-11-15,ФАС начала проверки торговых сетей из-за резкого роста цен на мясо птицы и яйца в регионах,kommersant.ru,inflation_prices
2023-11-20,ЦБ ввел новые макропруденциальные лимиты по необеспеченным кредитам для охлаждения закредитованности,cbr.ru,monetary_cbr
2023-12-15,Банк России повысил ставку до 16.00% годовых и указал на необходимость длительного периода жесткости,cbr.ru,monetary_cbr
2023-12-18,ЕС ввел двенадцатый пакет санкций против экспорта российских алмазов и ужесточил контроль потолка цен,interfax.ru,sanctions_trade
2024-01-16,"Инфляция в начале года стабилизировалась, но остаётся существенно выше 4% в пересчете на год",cbr.ru,inflation_prices
2024-01-25,Минфин сообщил об опережающем росте ненефтегазовых доходов и сохранении высокого бюджетного импульса,rbc.ru,income_gdp_labor
2024-02-16,Совет директоров Банка России сохранил ключевую ставку на уровне 16.00% годовых,cbr.ru,monetary_cbr
2024-02-23,США и ЕС синхронно ввели масштабные блокирующие пакеты санкций против сотен компаний РФ,interfax.ru,sanctions_trade
2024-03-20,"Ужесточение вторичных санкций США вызвало задержки платежей через банки Китая, Турции и ОАЭ",kommersant.ru,sanctions_trade
2024-03-22,Банк России сохранил ставку 16.00% и отметил продолжение быстрого роста кредитования физлиц,cbr.ru,monetary_cbr
2024-04-15,Росстат: рост ВВП России за первый квартал 2024 года превысил 5% на фоне промышленного и потребительского бума,rosstat.gov.ru,income_gdp_labor
2024-04-26,ЦБ сохранил ставку 16.00% и существенно повысил прогноз средней ставки на 2024-2025 годы,cbr.ru,monetary_cbr
2024-05-18,Предложения по налоговой реформе подтолкнули бизнес и граждан к опережающим крупным покупкам,rbc.ru,inflation_prices
2024-05-28,Реальные зарплаты в производственных и добывающих регионах выросли на 10.8% в годовом выражении,rosstat.gov.ru,income_gdp_labor
2024-06-07,"Банк России сохранил ставку 16.00%, но дал жесткий сигнал о высокой вероятности повышения в июле",cbr.ru,monetary_cbr
2024-06-12,США ввели блокирующие санкции против Мосбиржи и НКЦ: биржевые торги долларом и евро остановлены,rbc.ru,sanctions_trade
2024-07-01,Индексация тарифов ЖКХ в регионах на 9.8% вызвала разовый всплеск обязательных платежей населения,tass.ru,inflation_prices
2024-07-26,Банк России повысил ключевую ставку сразу на 200 б.п. до 18.00% из-за перегрева экономики,cbr.ru,monetary_cbr
2024-08-14,"Доходность рублевых депозитов превысила 18% годовых, усилив сберегательную активность граждан",kommersant.ru,monetary_cbr
2024-08-28,"Потребительские расходы остаются высокими, несмотря на ужесточение условий выдачи кредитов",rosstat.gov.ru,inflation_prices
2024-09-13,Банк России повысил ключевую ставку до 19.00% годовых в ответ на устойчивое инфляционное давление,cbr.ru,monetary_cbr
2024-09-25,Минэкономразвития оценило рост ВВП за 8 месяцев в 4.2% при сохранении дефицита на рынке труда,rbc.ru,income_gdp_labor
2024-10-01,Резкое повышение утилизационного сбора на автомобили вызвало ажиотажные продажи автотранспорта,kommersant.ru,inflation_prices
2024-10-25,Банк России повысил ключевую ставку до рекордных 21.00% годовых при сохранении жесткого сигнала,cbr.ru,monetary_cbr
2024-11-15,Высокие процентные ставки привели к резкому торможению выдач розничной ипотеки и автокредитов,rbc.ru,monetary_cbr
2024-11-21,"США ввели санкции против Газпромбанка и более 50 банков РФ, курс доллара поднялся выше 105 рублей",interfax.ru,sanctions_trade
2024-12-15,Сезонный предновогодний всплеск расходов сопровождается рекордно высокими ставками по вкладам,tass.ru,inflation_prices
2024-12-20,Совет директоров Банка России сохранил ключевую ставку на уровне 21.00% годовых,cbr.ru,monetary_cbr
