period,news_sentiment,sentiment_zscore,is_news_shock,news_volume
2023-01-01,0.0,0.72,0,2
2023-02-01,0.0,0.72,0,2
2023-03-01,0.0,0.72,0,2
2023-04-01,0.0,0.72,0,2
2023-05-01,0.0,0.72,0,2
2023-06-01,-0.2264,-1.02,0,2
2023-07-01,-0.0903,0.02,0,2
2023-08-01,-0.487,-3.03,1,2
2023-09-01,-0.1947,-0.78,0,2
2023-10-01,-0.0779,0.12,0,2
2023-11-01,-0.0312,0.48,0,2
2023-12-01,-0.0125,0.62,0,2
2024-01-01,-0.005,0.68,0,2
2024-02-01,-0.002,0.7,0,2
2024-03-01,-0.0008,0.71,0,2
2024-04-01,-0.0003,0.72,0,2
2024-05-01,-0.0001,0.72,0,2
2024-06-01,-0.2255,-1.02,0,2
2024-07-01,-0.3155,-1.71,1,2
2024-08-01,-0.1262,-0.25,0,2
2024-09-01,-0.2752,-1.4,0,2
2024-10-01,-0.1101,-0.13,0,2
2024-11-01,-0.044,0.38,0,2
2024-12-01,-0.0176,0.58,0,2
