ds,y,prophet_pred,mo
2024-07-01,211323,130355.3082853239,Октябрьский муниципальный район
2024-08-01,210450,135043.2225801701,Октябрьский муниципальный район
2024-09-01,191574,99697.93656018638,Октябрьский муниципальный район
2024-10-01,203324,310158.2049787296,Октябрьский муниципальный район
2024-11-01,198446,170733.62285266593,Октябрьский муниципальный район
2024-12-01,247717,151549.05912269582,Октябрьский муниципальный район
2024-07-01,25755,-3642.3377398053817,Абазинский муниципальный район
2024-08-01,26581,37531.01368481058,Абазинский муниципальный район
2024-09-01,24697,29876.806868685548,Абазинский муниципальный район
2024-10-01,25277,8906.46942224592,Абазинский муниципальный район
2024-11-01,24485,31969.46341969567,Абазинский муниципальный район
2024-12-01,28058,29164.952376540277,Абазинский муниципальный район
2024-07-01,22516,11010.925550373931,Абанский муниципальный район
2024-08-01,22352,19631.941661524103,Абанский муниципальный район
2024-09-01,20444,21352.41897292027,Абанский муниципальный район
2024-10-01,21534,27642.684235636283,Абанский муниципальный район
2024-11-01,21483,19447.962723873854,Абанский муниципальный район
2024-12-01,27144,22302.835793554972,Абанский муниципальный район
2024-07-01,26526,18977.169529126615,Абатский муниципальный район
2024-08-01,27642,10122.695386515712,Абатский муниципальный район
2024-09-01,24478,16322.212205632602,Абатский муниципальный район
2024-10-01,26171,35743.07453503957,Абатский муниципальный район
2024-11-01,24571,16273.668211647197,Абатский муниципальный район
2024-12-01,30410,4256.33100408368,Абатский муниципальный район
2024-07-01,18941,-11180.822191703337,Абзелиловский муниципальный район
2024-08-01,18998,14416.47867600642,Абзелиловский муниципальный район
2024-09-01,17391,-2331.8728641132366,Абзелиловский муниципальный район
2024-10-01,17944,45094.43481042955,Абзелиловский муниципальный район
2024-11-01,18664,-6691.897019981858,Абзелиловский муниципальный район
2024-12-01,22044,36041.00104729367,Абзелиловский муниципальный район
2024-07-01,58192,48358.34447606025,Абыйский муниципальный район
2024-09-01,49038,55065.933447508134,Абыйский муниципальный район
2024-10-01,51975,60914.483194007786,Абыйский муниципальный район
2024-11-01,45022,47032.7605688404,Абыйский муниципальный район
2024-12-01,56054,44788.97186691,Абыйский муниципальный район
2024-07-01,19783,28701.51363349945,Агаповский муниципальный район
2024-08-01,20265,-200698.94893156472,Агаповский муниципальный район
2024-09-01,20399,-359542.0981910572,Агаповский муниципальный район
2024-10-01,21800,596058.6622785736,Агаповский муниципальный район
2024-11-01,21454,360185.15638520353,Агаповский муниципальный район
2024-12-01,24353,-413788.6597497753,Агаповский муниципальный район
2024-07-01,28423,-22477.17193540687,Агинский муниципальный район
2024-08-01,28062,58319.49800514873,Агинский муниципальный район
2024-09-01,26509,20149.026754039267,Агинский муниципальный район
2024-10-01,27868,1602.4685157648346,Агинский муниципальный район
2024-11-01,27379,35770.53926127736,Агинский муниципальный район
2024-12-01,32175,31574.65905456459,Агинский муниципальный район
2024-07-01,21422,89822.16653540965,Агрызский муниципальный район
2024-08-01,22456,-135195.22400868149,Агрызский муниципальный район
2024-09-01,21469,131699.62803936072,Агрызский муниципальный район
2024-10-01,22742,-28309.972606501633,Агрызский муниципальный район
2024-11-01,22641,104896.53429008512,Агрызский муниципальный район
2024-12-01,25553,-44573.772254944015,Агрызский муниципальный район
2024-07-01,20751,-4601.072921330022,Адамовский муниципальный район
2024-08-01,21012,22462.00677052823,Адамовский муниципальный район
2024-09-01,18526,10415.844087548116,Адамовский муниципальный район
2024-10-01,20433,29864.409103502472,Адамовский муниципальный район
2024-11-01,21151,9499.65595575065,Адамовский муниципальный район
2024-12-01,24671,32585.25449693649,Адамовский муниципальный район
2024-07-01,20282,14523.172639040426,Адыге-Хабльский муниципальный район
2024-08-01,21716,35804.530740343595,Адыге-Хабльский муниципальный район
2024-09-01,18289,20752.821820508634,Адыге-Хабльский муниципальный район
2024-10-01,19696,2071.4328179311233,Адыге-Хабльский муниципальный район
2024-11-01,20602,22960.484527496126,Адыге-Хабльский муниципальный район
2024-12-01,25027,22763.600225911712,Адыге-Хабльский муниципальный район
2024-07-01,24200,23675.677013523833,Азнакаевский муниципальный район
2024-08-01,24586,20959.650291320828,Азнакаевский муниципальный район
2024-09-01,23075,41845.6628029201,Азнакаевский муниципальный район
2024-10-01,24369,22764.440671882967,Азнакаевский муниципальный район
2024-11-01,23889,25321.210308489764,Азнакаевский муниципальный район
2024-12-01,27017,7472.03885471063,Азнакаевский муниципальный район
