Дата,Муниципальное образование,Факт трат (руб),Отклонение модели (руб),Уровень аномалии (Z-Score)
2024-12-01,Октябрьский муниципальный район,247717,57309.0,18.35
2024-12-01,Комсомольский муниципальный район,73535,46365.0,14.74
2024-12-01,Кировский муниципальный район,146771,45220.0,14.37
2024-08-01,Ногайский муниципальный район,54393,30975.0,9.68
2024-11-01,Комсомольский муниципальный район,56915,28890.0,8.99
2024-12-01,Ногайский муниципальный район,50812,26129.0,8.08
2024-12-01,Советский муниципальный район,149403,24891.0,7.68
2024-10-01,Комсомольский муниципальный район,54941,24762.0,7.63
2024-09-01,Ногайский муниципальный район,48234,24741.0,7.63
2024-09-01,Комсомольский муниципальный район,54557,21167.0,6.45
